Old_name,New_name
top10_code1,"Top10 highest positivity (t-1)"
medel�lder,"Avg. age"
avg_dist_from_neigh_km,"Avg. distance adjacent areas"
adult_pop,"Adult population"
percent_women,"Percentage of women"
population,"Population"
vacc_dose2_cum_2w_adjusted,"Cum. vaccinations dose 2 per 100,000 inhabitants (t-3)"
pop_density,"Population density"
NDI,"NDI"
percent_utland,"Percentage of foreign-born"
calls_112_covid_perCapita,"COVID-19 related calls to 112 (t-1)"
vacc_dose1_cum_3w_adjusted,"Cum. vaccinations dose 1 per 100,000 inhabitants (t-4)"
workplaces_GM,"Mobility to/from workplaces (t-1)"
calls_1177_perCapita,"COVID-19 related calls to 1177 (t-1)"
test_per_capita_1w5,"Tests per 100,000 inhabitants (t-1)"
cases_per_capita_2w5_SE,"Cases per 100,000 inhabitants Sweden (t-1 and t-2)"
residential_GM,"Mobility at home (t-1)"
new_ICU_per_w_SE,"ICU admissions Sweden (t-1)"
retail_recreation_GM,"Mobility to/from retail/recreation (t-1)"
cases_per_capita_2w5,"Cases per 100,000 inhabitants (t-1 and t-2)"
aver_pos_neigh,"Avg. positivity adjacent areas (t-1)"
cases_per_capita_1w5,"Cases per 100,000 inhabitants (t-1)"
positivity_1w,"Test positivity (t-1)"
